
  <shard name="ResourcePropertiesDb">
    <record>
      <key>
        NoSqlDb##TestQuery.h#1
      </key>
      <value>
        <metadata>
          <name>
            TestQuery.h
          </name>
          <description>
            Implements the query APIs for NoSqlDb
          </description>
          <datetime>
            Tue May  1 16:19:41 2018
          </datetime>
        </metadata>
        <payload>
          <author>
            rgnair
          </author>
          <state>
            Closed
          </state>
          <namespace>
            NoSqlDb
          </namespace>
          <package>
            Query
          </package>
          <version>
            1
          </version>
          <categories>
            <category>
              nosqldb
            </category>
          </categories>
        </payload>
      </value>
    </record>
    <record>
      <key>
        NoSqlDb##Query.h#1
      </key>
      <value>
        <metadata>
          <name>
            Query.h
          </name>
          <description>
            Implements the query APIs for NoSqlDb
          </description>
          <datetime>
            Tue May  1 16:19:40 2018
          </datetime>
          <relationships>
            <childkey>
              NoSqlDb##DbCore.h#1
            </childkey>
            <childkey>
              NoSqlDb##DbCore.cpp#1
            </childkey>
          </relationships>
        </metadata>
        <payload>
          <author>
            rgnair
          </author>
          <state>
            Closed
          </state>
          <namespace>
            NoSqlDb
          </namespace>
          <package>
            Query
          </package>
          <version>
            1
          </version>
          <categories>
            <category>
              nosqldb
            </category>
          </categories>
        </payload>
      </value>
    </record>
    <record>
      <key>
        FileSystem##FileSystem.cpp#1
      </key>
      <value>
        <metadata>
          <name>
            FileSystem.cpp
          </name>
          <description>
            Utility functions for File I/O
          </description>
          <datetime>
            Tue May  1 01:02:29 2018
          </datetime>
        </metadata>
        <payload>
          <author>
            jfawcett
          </author>
          <state>
            Closed
          </state>
          <namespace>
            FileSystem
          </namespace>
          <package>
            FileSystemDemo
          </package>
          <version>
            1
          </version>
          <categories>
            <category>
              utility
            </category>
          </categories>
        </payload>
      </value>
    </record>
    <record>
      <key>
        TestUtilities##TestUtilities.cpp#1
      </key>
      <value>
        <metadata>
          <name>
            TestUtilities.cpp
          </name>
          <description>
            Makes Testing Easy
          </description>
          <datetime>
            Tue May  1 01:00:29 2018
          </datetime>
        </metadata>
        <payload>
          <author>
            jfawcett
          </author>
          <state>
            Closed
          </state>
          <namespace>
            TestUtilities
          </namespace>
          <package>
            TestUtilities
          </package>
          <version>
            1
          </version>
          <categories>
            <category>
              utility
            </category>
          </categories>
        </payload>
      </value>
    </record>
    <record>
      <key>
        SoftwareRepository##FileSystemStore.h#1
      </key>
      <value>
        <metadata>
          <name>
            FileSystemStore.h
          </name>
          <description>
            Implements the storeage layer for repo
          </description>
          <datetime>
            Tue May  1 16:21:21 2018
          </datetime>
          <relationships>
            <childkey>
              FileSystem##FileSystem.h#1
            </childkey>
            <childkey>
              FileSystem##FileSystem.cpp#1
            </childkey>
          </relationships>
        </metadata>
        <payload>
          <author>
            rgnair
          </author>
          <state>
            Open
          </state>
          <namespace>
            SoftwareRepository
          </namespace>
          <package>
            RepoStore
          </package>
          <version>
            1
          </version>
          <categories>
            <category>
              repository
            </category>
          </categories>
        </payload>
      </value>
    </record>
    <record>
      <key>
        SoftwareRepository##RepoCoreTests.h#1
      </key>
      <value>
        <metadata>
          <name>
            RepoCoreTests.h
          </name>
          <description>
            Implements the core APIs for repo
          </description>
          <datetime>
            Tue May  1 16:20:40 2018
          </datetime>
          <relationships>
            <childkey>
              SoftwareRepository##IRepoStore.h#1
            </childkey>
          </relationships>
        </metadata>
        <payload>
          <author>
            rgnair
          </author>
          <state>
            Closed
          </state>
          <namespace>
            SoftwareRepository
          </namespace>
          <package>
            RepoCore
          </package>
          <version>
            1
          </version>
          <categories>
            <category>
              repository
            </category>
          </categories>
        </payload>
      </value>
    </record>
    <record>
      <key>
        TreeWalkDemo##TreeWalkDemo.cpp#1
      </key>
      <value>
        <metadata>
          <name>
            TreeWalkDemo.cpp
          </name>
          <description>
            Walk around trees
          </description>
          <datetime>
            Tue May  1 00:59:10 2018
          </datetime>
        </metadata>
        <payload>
          <author>
            jfawcett
          </author>
          <state>
            Closed
          </state>
          <namespace>
            TreeWalkDemo
          </namespace>
          <package>
            TreeWalkDemo
          </package>
          <version>
            1
          </version>
          <categories>
            <category>
              executives
            </category>
          </categories>
        </payload>
      </value>
    </record>
    <record>
      <key>
        FileSystem##FileSystem.h#1
      </key>
      <value>
        <metadata>
          <name>
            FileSystem.h
          </name>
          <description>
            Utility functions to manipulate File I/O
          </description>
          <datetime>
            Tue May  1 01:02:29 2018
          </datetime>
          <relationships>
            <childkey>
              TestUtilities##TestUtilities.h#1
            </childkey>
            <childkey>
              TestUtilities##TestUtilities.cpp#1
            </childkey>
            <childkey>
              Utilities##StringUtilities.h#1
            </childkey>
            <childkey>
              Utilities##StringUtilities.cpp#1
            </childkey>
          </relationships>
        </metadata>
        <payload>
          <author>
            jfawcett
          </author>
          <state>
            Closed
          </state>
          <namespace>
            FileSystem
          </namespace>
          <package>
            FileSystemDemo
          </package>
          <version>
            1
          </version>
          <categories>
            <category>
              utility
            </category>
          </categories>
        </payload>
      </value>
    </record>
    <record>
      <key>
        TestUtilities##TestUtilities.h#1
      </key>
      <value>
        <metadata>
          <name>
            TestUtilities.h
          </name>
          <description>
            Makes Testing Easy
          </description>
          <datetime>
            Tue May  1 01:00:29 2018
          </datetime>
        </metadata>
        <payload>
          <author>
            jfawcett
          </author>
          <state>
            Closed
          </state>
          <namespace>
            TestUtilities
          </namespace>
          <package>
            TestUtilities
          </package>
          <version>
            1
          </version>
          <categories>
            <category>
              utility
            </category>
          </categories>
        </payload>
      </value>
    </record>
    <record>
      <key>
        Utilities##StringUtilities.h#1
      </key>
      <value>
        <metadata>
          <name>
            StringUtilities.h
          </name>
          <description>
            Utility functions to manipulate Strings
          </description>
          <datetime>
            Tue May  1 01:01:28 2018
          </datetime>
        </metadata>
        <payload>
          <author>
            jfawcett
          </author>
          <state>
            Closed
          </state>
          <namespace>
            Utilities
          </namespace>
          <package>
            StringUtilities
          </package>
          <version>
            1
          </version>
          <categories>
            <category>
              utility
            </category>
          </categories>
        </payload>
      </value>
    </record>
    <record>
      <key>
        Utilities##StringUtilities.cpp#1
      </key>
      <value>
        <metadata>
          <name>
            StringUtilities.cpp
          </name>
          <description>
            Utility functions to manipulate Strings
          </description>
          <datetime>
            Tue May  1 01:01:29 2018
          </datetime>
        </metadata>
        <payload>
          <author>
            jfawcett
          </author>
          <state>
            Closed
          </state>
          <namespace>
            Utilities
          </namespace>
          <package>
            StringUtilities
          </package>
          <version>
            1
          </version>
          <categories>
            <category>
              utility
            </category>
          </categories>
        </payload>
      </value>
    </record>
    <record>
      <key>
        Utilities##CodeUtilities.h#1
      </key>
      <value>
        <metadata>
          <name>
            CodeUtilities.h
          </name>
          <description>
            Generally useful APIs
          </description>
          <datetime>
            Tue May  1 01:03:35 2018
          </datetime>
        </metadata>
        <payload>
          <author>
            jfawcett
          </author>
          <state>
            Closed
          </state>
          <namespace>
            Utilities
          </namespace>
          <package>
            CodeUtilities
          </package>
          <version>
            1
          </version>
          <categories>
            <category>
              snippets
            </category>
          </categories>
        </payload>
      </value>
    </record>
    <record>
      <key>
        Utilities##CodeUtilities.cpp#1
      </key>
      <value>
        <metadata>
          <name>
            CodeUtilities.cpp
          </name>
          <description>
            Generally useful APIs
          </description>
          <datetime>
            Tue May  1 01:03:35 2018
          </datetime>
        </metadata>
        <payload>
          <author>
            jfawcett
          </author>
          <state>
            Closed
          </state>
          <namespace>
            Utilities
          </namespace>
          <package>
            CodeUtilities
          </package>
          <version>
            1
          </version>
          <categories>
            <category>
              snippets
            </category>
          </categories>
        </payload>
      </value>
    </record>
    <record>
      <key>
        Process##Process.h#1
      </key>
      <value>
        <metadata>
          <name>
            Process.h
          </name>
          <description>
            Spawn new process
          </description>
          <datetime>
            Tue May  1 01:04:13 2018
          </datetime>
          <relationships>
            <childkey>
              FileSystem##FileSystem.h#1
            </childkey>
          </relationships>
        </metadata>
        <payload>
          <author>
            jfawcett
          </author>
          <state>
            Open
          </state>
          <namespace>
            Process
          </namespace>
          <package>
            Process
          </package>
          <version>
            1
          </version>
          <categories>
            <category>
              executives
            </category>
          </categories>
        </payload>
      </value>
    </record>
    <record>
      <key>
        Process##Process.cpp#1
      </key>
      <value>
        <metadata>
          <name>
            Process.cpp
          </name>
          <description>
            Spawn new process
          </description>
          <datetime>
            Tue May  1 01:04:13 2018
          </datetime>
        </metadata>
        <payload>
          <author>
            jfawcett
          </author>
          <state>
            Open
          </state>
          <namespace>
            Process
          </namespace>
          <package>
            Process
          </package>
          <version>
            1
          </version>
          <categories>
            <category>
              executives
            </category>
          </categories>
        </payload>
      </value>
    </record>
    <record>
      <key>
        NoSqlDb##Persistence.h#2
      </key>
      <value>
        <metadata>
          <name>
            Persistence.h
          </name>
          <description>
            Implements the persistence layer of NoSqlDb
          </description>
          <datetime>
            Tue May  1 16:38:03 2018
          </datetime>
          <relationships>
            <childkey>
              FileSystem##FileSystem.h#1
            </childkey>
            <childkey>
              FileSystem##FileSystem.cpp#1
            </childkey>
            <childkey>
              NoSqlDb##DbCore.h#1
            </childkey>
            <childkey>
              NoSqlDb##DbCore.cpp#1
            </childkey>
          </relationships>
        </metadata>
        <payload>
          <author>
            rgnair
          </author>
          <state>
            Closed
          </state>
          <namespace>
            NoSqlDb
          </namespace>
          <package>
            Persistence
          </package>
          <version>
            2
          </version>
          <categories>
            <category>
              nosqldb
            </category>
          </categories>
        </payload>
      </value>
    </record>
    <record>
      <key>
        NoSqlDb##TestPersistence.h#2
      </key>
      <value>
        <metadata>
          <name>
            TestPersistence.h
          </name>
          <description>
            Implements the persistence layer of NoSqlDb
          </description>
          <datetime>
            Tue May  1 16:38:04 2018
          </datetime>
        </metadata>
        <payload>
          <author>
            rgnair
          </author>
          <state>
            Closed
          </state>
          <namespace>
            NoSqlDb
          </namespace>
          <package>
            Persistence
          </package>
          <version>
            2
          </version>
          <categories>
            <category>
              nosqldb
            </category>
          </categories>
        </payload>
      </value>
    </record>
    <record>
      <key>
        NoSqlDb##TestDbCore.h#1
      </key>
      <value>
        <metadata>
          <name>
            TestDbCore.h
          </name>
          <description>
            Implements the core APIs of NoSqlDb
          </description>
          <datetime>
            Tue May  1 16:18:36 2018
          </datetime>
        </metadata>
        <payload>
          <author>
            rgnair
          </author>
          <state>
            Closed
          </state>
          <namespace>
            NoSqlDb
          </namespace>
          <package>
            DbCore
          </package>
          <version>
            1
          </version>
          <categories>
            <category>
              nosqldb
            </category>
          </categories>
        </payload>
      </value>
    </record>
    <record>
      <key>
        NoSqlDb##DbCore.h#1
      </key>
      <value>
        <metadata>
          <name>
            DbCore.h
          </name>
          <description>
            Implements the core APIs of NoSqlDb
          </description>
          <datetime>
            Tue May  1 16:18:35 2018
          </datetime>
        </metadata>
        <payload>
          <author>
            rgnair
          </author>
          <state>
            Closed
          </state>
          <namespace>
            NoSqlDb
          </namespace>
          <package>
            DbCore
          </package>
          <version>
            1
          </version>
          <categories>
            <category>
              nosqldb
            </category>
          </categories>
        </payload>
      </value>
    </record>
    <record>
      <key>
        NoSqlDb##DbCoreTestHelper.h#1
      </key>
      <value>
        <metadata>
          <name>
            DbCoreTestHelper.h
          </name>
          <description>
            Implements the core APIs of NoSqlDb
          </description>
          <datetime>
            Tue May  1 16:18:36 2018
          </datetime>
        </metadata>
        <payload>
          <author>
            rgnair
          </author>
          <state>
            Closed
          </state>
          <namespace>
            NoSqlDb
          </namespace>
          <package>
            DbCore
          </package>
          <version>
            1
          </version>
          <categories>
            <category>
              nosqldb
            </category>
          </categories>
        </payload>
      </value>
    </record>
    <record>
      <key>
        SoftwareRepository##RepoStore.cpp#1
      </key>
      <value>
        <metadata>
          <name>
            RepoStore.cpp
          </name>
          <description>
            Implements the storeage layer for repo
          </description>
          <datetime>
            Tue May  1 16:21:23 2018
          </datetime>
        </metadata>
        <payload>
          <author>
            rgnair
          </author>
          <state>
            Open
          </state>
          <namespace>
            SoftwareRepository
          </namespace>
          <package>
            RepoStore
          </package>
          <version>
            1
          </version>
          <categories>
            <category>
              repository
            </category>
          </categories>
        </payload>
      </value>
    </record>
    <record>
      <key>
        NoSqlDb##DbCore.cpp#1
      </key>
      <value>
        <metadata>
          <name>
            DbCore.cpp
          </name>
          <description>
            Implements the core APIs of NoSqlDb
          </description>
          <datetime>
            Tue May  1 16:18:37 2018
          </datetime>
        </metadata>
        <payload>
          <author>
            rgnair
          </author>
          <state>
            Closed
          </state>
          <namespace>
            NoSqlDb
          </namespace>
          <package>
            DbCore
          </package>
          <version>
            1
          </version>
          <categories>
            <category>
              nosqldb
            </category>
          </categories>
        </payload>
      </value>
    </record>
    <record>
      <key>
        NoSqlDb##TestPersistence.h#1
      </key>
      <value>
        <metadata>
          <name>
            TestPersistence.h
          </name>
          <description>
            Implements persistence layer of NoSqlDb
          </description>
          <datetime>
            Tue May  1 16:19:09 2018
          </datetime>
        </metadata>
        <payload>
          <author>
            rgnair
          </author>
          <state>
            Closed
          </state>
          <namespace>
            NoSqlDb
          </namespace>
          <package>
            Persistence
          </package>
          <version>
            1
          </version>
          <categories>
            <category>
              nosqldb
            </category>
          </categories>
        </payload>
      </value>
    </record>
    <record>
      <key>
        NoSqlDb##Persistence.h#1
      </key>
      <value>
        <metadata>
          <name>
            Persistence.h
          </name>
          <description>
            Implements persistence layer of NoSqlDb
          </description>
          <datetime>
            Tue May  1 16:19:08 2018
          </datetime>
          <relationships>
            <childkey>
              FileSystem##FileSystem.h#1
            </childkey>
            <childkey>
              FileSystem##FileSystem.cpp#1
            </childkey>
            <childkey>
              NoSqlDb##DbCore.h#1
            </childkey>
            <childkey>
              NoSqlDb##DbCore.cpp#1
            </childkey>
          </relationships>
        </metadata>
        <payload>
          <author>
            rgnair
          </author>
          <state>
            Closed
          </state>
          <namespace>
            NoSqlDb
          </namespace>
          <package>
            Persistence
          </package>
          <version>
            1
          </version>
          <categories>
            <category>
              nosqldb
            </category>
          </categories>
        </payload>
      </value>
    </record>
    <record>
      <key>
        NoSqlDb##Persistence.cpp#1
      </key>
      <value>
        <metadata>
          <name>
            Persistence.cpp
          </name>
          <description>
            Implements persistence layer of NoSqlDb
          </description>
          <datetime>
            Tue May  1 16:19:09 2018
          </datetime>
        </metadata>
        <payload>
          <author>
            rgnair
          </author>
          <state>
            Closed
          </state>
          <namespace>
            NoSqlDb
          </namespace>
          <package>
            Persistence
          </package>
          <version>
            1
          </version>
          <categories>
            <category>
              nosqldb
            </category>
          </categories>
        </payload>
      </value>
    </record>
    <record>
      <key>
        NoSqlDb##Query.cpp#1
      </key>
      <value>
        <metadata>
          <name>
            Query.cpp
          </name>
          <description>
            Implements the query APIs for NoSqlDb
          </description>
          <datetime>
            Tue May  1 16:19:41 2018
          </datetime>
        </metadata>
        <payload>
          <author>
            rgnair
          </author>
          <state>
            Closed
          </state>
          <namespace>
            NoSqlDb
          </namespace>
          <package>
            Query
          </package>
          <version>
            1
          </version>
          <categories>
            <category>
              nosqldb
            </category>
          </categories>
        </payload>
      </value>
    </record>
    <record>
      <key>
        SoftwareRepository##RepoCore.h#1
      </key>
      <value>
        <metadata>
          <name>
            RepoCore.h
          </name>
          <description>
            Implements the core APIs for repo
          </description>
          <datetime>
            Tue May  1 16:20:39 2018
          </datetime>
        </metadata>
        <payload>
          <author>
            rgnair
          </author>
          <state>
            Closed
          </state>
          <namespace>
            SoftwareRepository
          </namespace>
          <package>
            RepoCore
          </package>
          <version>
            1
          </version>
          <categories>
            <category>
              repository
            </category>
          </categories>
        </payload>
      </value>
    </record>
    <record>
      <key>
        SoftwareRepository##RepoCoreDefinitions.h#1
      </key>
      <value>
        <metadata>
          <name>
            RepoCoreDefinitions.h
          </name>
          <description>
            Implements the core APIs for repo
          </description>
          <datetime>
            Tue May  1 16:20:39 2018
          </datetime>
        </metadata>
        <payload>
          <author>
            rgnair
          </author>
          <state>
            Closed
          </state>
          <namespace>
            SoftwareRepository
          </namespace>
          <package>
            RepoCore
          </package>
          <version>
            1
          </version>
          <categories>
            <category>
              repository
            </category>
          </categories>
        </payload>
      </value>
    </record>
    <record>
      <key>
        SoftwareRepository##RepoCore.cpp#1
      </key>
      <value>
        <metadata>
          <name>
            RepoCore.cpp
          </name>
          <description>
            Implements the core APIs for repo
          </description>
          <datetime>
            Tue May  1 16:20:40 2018
          </datetime>
        </metadata>
        <payload>
          <author>
            rgnair
          </author>
          <state>
            Closed
          </state>
          <namespace>
            SoftwareRepository
          </namespace>
          <package>
            RepoCore
          </package>
          <version>
            1
          </version>
          <categories>
            <category>
              repository
            </category>
          </categories>
        </payload>
      </value>
    </record>
    <record>
      <key>
        SoftwareRepository##IRepoStore.h#1
      </key>
      <value>
        <metadata>
          <name>
            IRepoStore.h
          </name>
          <description>
            Implements the storeage layer for repo
          </description>
          <datetime>
            Tue May  1 16:21:22 2018
          </datetime>
        </metadata>
        <payload>
          <author>
            rgnair
          </author>
          <state>
            Closed
          </state>
          <namespace>
            SoftwareRepository
          </namespace>
          <package>
            RepoStore
          </package>
          <version>
            1
          </version>
          <categories>
            <category>
              repository
            </category>
          </categories>
        </payload>
      </value>
    </record>
    <record>
      <key>
        NoSqlDb##Persistence.cpp#2
      </key>
      <value>
        <metadata>
          <name>
            Persistence.cpp
          </name>
          <description>
            Implements the persistence layer of NoSqlDb
          </description>
          <datetime>
            Tue May  1 16:38:04 2018
          </datetime>
        </metadata>
        <payload>
          <author>
            rgnair
          </author>
          <state>
            Closed
          </state>
          <namespace>
            NoSqlDb
          </namespace>
          <package>
            Persistence
          </package>
          <version>
            2
          </version>
          <categories>
            <category>
              nosqldb
            </category>
          </categories>
        </payload>
      </value>
    </record>
    <record>
      <key>
        NoSqlDb##Query.h#2
      </key>
      <value>
        <metadata>
          <name>
            Query.h
          </name>
          <description>
            Implements the query APIs for NoSqlDb
          </description>
          <datetime>
            Tue May  1 16:38:49 2018
          </datetime>
          <relationships>
            <childkey>
              NoSqlDb##DbCore.h#1
            </childkey>
            <childkey>
              NoSqlDb##DbCore.cpp#1
            </childkey>
          </relationships>
        </metadata>
        <payload>
          <author>
            rgnair
          </author>
          <state>
            Open
          </state>
          <namespace>
            NoSqlDb
          </namespace>
          <package>
            Query
          </package>
          <version>
            2
          </version>
          <categories>
            <category>
              nosqldb
            </category>
          </categories>
        </payload>
      </value>
    </record>
    <record>
      <key>
        NoSqlDb##TestQuery.h#2
      </key>
      <value>
        <metadata>
          <name>
            TestQuery.h
          </name>
          <description>
            Implements the query APIs for NoSqlDb
          </description>
          <datetime>
            Tue May  1 16:38:50 2018
          </datetime>
        </metadata>
        <payload>
          <author>
            rgnair
          </author>
          <state>
            Open
          </state>
          <namespace>
            NoSqlDb
          </namespace>
          <package>
            Query
          </package>
          <version>
            2
          </version>
          <categories>
            <category>
              nosqldb
            </category>
          </categories>
        </payload>
      </value>
    </record>
    <record>
      <key>
        NoSqlDb##Query.cpp#2
      </key>
      <value>
        <metadata>
          <name>
            Query.cpp
          </name>
          <description>
            Implements the query APIs for NoSqlDb
          </description>
          <datetime>
            Tue May  1 16:38:50 2018
          </datetime>
        </metadata>
        <payload>
          <author>
            rgnair
          </author>
          <state>
            Open
          </state>
          <namespace>
            NoSqlDb
          </namespace>
          <package>
            Query
          </package>
          <version>
            2
          </version>
          <categories>
            <category>
              nosqldb
            </category>
          </categories>
        </payload>
      </value>
    </record>
  </shard>
