
  <shard name="ResourcePropertiesDb">
    <record>
      <key>
        TreeWalkDemo##TreeWalkDemo.cpp#1
      </key>
      <value>
        <metadata>
          <name>
            TreeWalkDemo.cpp
          </name>
          <description>
            Walk around trees
          </description>
          <datetime>
            Tue May  1 00:59:10 2018
          </datetime>
        </metadata>
        <payload>
          <author>
            rgnair
          </author>
          <state>
            Open
          </state>
          <namespace>
            TreeWalkDemo
          </namespace>
          <package>
            TreeWalkDemo
          </package>
          <version>
            1
          </version>
          <categories>
          </categories>
        </payload>
      </value>
    </record>
    <record>
      <key>
        TestUtilities##TestUtilities.cpp#1
      </key>
      <value>
        <metadata>
          <name>
            TestUtilities.cpp
          </name>
          <description>
            Makes Testing Easy
          </description>
          <datetime>
            Tue May  1 01:00:29 2018
          </datetime>
        </metadata>
        <payload>
          <author>
            rgnair
          </author>
          <state>
            Open
          </state>
          <namespace>
            TestUtilities
          </namespace>
          <package>
            TestUtilities
          </package>
          <version>
            1
          </version>
          <categories>
            <category>
              utility
            </category>
          </categories>
        </payload>
      </value>
    </record>
    <record>
      <key>
        FileSystem##FileSystem.cpp#1
      </key>
      <value>
        <metadata>
          <name>
            FileSystem.cpp
          </name>
          <description>
            Utility functions for File I/O
          </description>
          <datetime>
            Tue May  1 01:02:29 2018
          </datetime>
        </metadata>
        <payload>
          <author>
            rgnair
          </author>
          <state>
            Open
          </state>
          <namespace>
            FileSystem
          </namespace>
          <package>
            FileSystemDemo
          </package>
          <version>
            1
          </version>
          <categories>
            <category>
              utility
            </category>
          </categories>
        </payload>
      </value>
    </record>
    <record>
      <key>
        TestUtilities##TestUtilities.h#1
      </key>
      <value>
        <metadata>
          <name>
            TestUtilities.h
          </name>
          <description>
            Makes Testing Easy
          </description>
          <datetime>
            Tue May  1 01:00:29 2018
          </datetime>
        </metadata>
        <payload>
          <author>
            rgnair
          </author>
          <state>
            Open
          </state>
          <namespace>
            TestUtilities
          </namespace>
          <package>
            TestUtilities
          </package>
          <version>
            1
          </version>
          <categories>
            <category>
              utility
            </category>
          </categories>
        </payload>
      </value>
    </record>
    <record>
      <key>
        FileSystem##FileSystem.h#1
      </key>
      <value>
        <metadata>
          <name>
            FileSystem.h
          </name>
          <description>
            Utility functions to manipulate File I/O
          </description>
          <datetime>
            Tue May  1 01:02:29 2018
          </datetime>
        </metadata>
        <payload>
          <author>
            rgnair
          </author>
          <state>
            Open
          </state>
          <namespace>
            FileSystem
          </namespace>
          <package>
            FileSystemDemo
          </package>
          <version>
            1
          </version>
          <categories>
            <category>
              utility
            </category>
          </categories>
        </payload>
      </value>
    </record>
    <record>
      <key>
        Utilities##StringUtilities.h#1
      </key>
      <value>
        <metadata>
          <name>
            StringUtilities.h
          </name>
          <description>
            Utility functions to manipulate Strings
          </description>
          <datetime>
            Tue May  1 01:01:28 2018
          </datetime>
        </metadata>
        <payload>
          <author>
            rgnair
          </author>
          <state>
            Open
          </state>
          <namespace>
            Utilities
          </namespace>
          <package>
            StringUtilities
          </package>
          <version>
            1
          </version>
          <categories>
            <category>
              utility
            </category>
          </categories>
        </payload>
      </value>
    </record>
    <record>
      <key>
        Utilities##StringUtilities.cpp#1
      </key>
      <value>
        <metadata>
          <name>
            StringUtilities.cpp
          </name>
          <description>
            Utility functions to manipulate Strings
          </description>
          <datetime>
            Tue May  1 01:01:29 2018
          </datetime>
        </metadata>
        <payload>
          <author>
            rgnair
          </author>
          <state>
            Open
          </state>
          <namespace>
            Utilities
          </namespace>
          <package>
            StringUtilities
          </package>
          <version>
            1
          </version>
          <categories>
            <category>
              utility
            </category>
          </categories>
        </payload>
      </value>
    </record>
    <record>
      <key>
        Utilities##CodeUtilities.h#1
      </key>
      <value>
        <metadata>
          <name>
            CodeUtilities.h
          </name>
          <description>
            Generally useful APIs
          </description>
          <datetime>
            Tue May  1 01:03:35 2018
          </datetime>
        </metadata>
        <payload>
          <author>
            rgnair
          </author>
          <state>
            Open
          </state>
          <namespace>
            Utilities
          </namespace>
          <package>
            CodeUtilities
          </package>
          <version>
            1
          </version>
          <categories>
            <category>
              snippets
            </category>
          </categories>
        </payload>
      </value>
    </record>
    <record>
      <key>
        Utilities##CodeUtilities.cpp#1
      </key>
      <value>
        <metadata>
          <name>
            CodeUtilities.cpp
          </name>
          <description>
            Generally useful APIs
          </description>
          <datetime>
            Tue May  1 01:03:35 2018
          </datetime>
        </metadata>
        <payload>
          <author>
            rgnair
          </author>
          <state>
            Open
          </state>
          <namespace>
            Utilities
          </namespace>
          <package>
            CodeUtilities
          </package>
          <version>
            1
          </version>
          <categories>
            <category>
              snippets
            </category>
          </categories>
        </payload>
      </value>
    </record>
    <record>
      <key>
        Process##Process.h#1
      </key>
      <value>
        <metadata>
          <name>
            Process.h
          </name>
          <description>
            Spawn new process
          </description>
          <datetime>
            Tue May  1 01:04:13 2018
          </datetime>
        </metadata>
        <payload>
          <author>
            rgnair
          </author>
          <state>
            Open
          </state>
          <namespace>
            Process
          </namespace>
          <package>
            Process
          </package>
          <version>
            1
          </version>
          <categories>
          </categories>
        </payload>
      </value>
    </record>
    <record>
      <key>
        Process##Process.cpp#1
      </key>
      <value>
        <metadata>
          <name>
            Process.cpp
          </name>
          <description>
            Spawn new process
          </description>
          <datetime>
            Tue May  1 01:04:13 2018
          </datetime>
        </metadata>
        <payload>
          <author>
            rgnair
          </author>
          <state>
            Open
          </state>
          <namespace>
            Process
          </namespace>
          <package>
            Process
          </package>
          <version>
            1
          </version>
          <categories>
          </categories>
        </payload>
      </value>
    </record>
  </shard>
