
  <shard name="ResourcePropertiesDb">
    <record>
      <key>
        FileSystem##FileSystem.h#1
      </key>
      <value>
        <metadata>
          <name>
            FileSystem.h
          </name>
          <description>
            Utilities for FileIO
          </description>
          <datetime>
            Mon Apr 30 21:23:09 2018
          </datetime>
        </metadata>
        <payload>
          <author>
            rgnair
          </author>
          <state>
            Open
          </state>
          <namespace>
            FileSystem
          </namespace>
          <package>
            FileSystem
          </package>
          <version>
            1
          </version>
          <categories>
            <category>
              fileio
            </category>
          </categories>
        </payload>
      </value>
    </record>
    <record>
      <key>
        FileSystem##Logger.h#1
      </key>
      <value>
        <metadata>
          <name>
            Logger.h
          </name>
          <description>
            Utilities for FileIO
          </description>
          <datetime>
            Mon Apr 30 21:23:09 2018
          </datetime>
        </metadata>
        <payload>
          <author>
            rgnair
          </author>
          <state>
            Closed
          </state>
          <namespace>
            FileSystem
          </namespace>
          <package>
            FileSystem
          </package>
          <version>
            1
          </version>
          <categories>
            <category>
              fileio
            </category>
          </categories>
        </payload>
      </value>
    </record>
    <record>
      <key>
        FileSystem##RepoCore.h#1
      </key>
      <value>
        <metadata>
          <name>
            RepoCore.h
          </name>
          <description>
            Utilities for FileIO
          </description>
          <datetime>
            Mon Apr 30 21:23:09 2018
          </datetime>
        </metadata>
        <payload>
          <author>
            rgnair
          </author>
          <state>
            Open
          </state>
          <namespace>
            FileSystem
          </namespace>
          <package>
            FileSystem
          </package>
          <version>
            1
          </version>
          <categories>
            <category>
              fileio
            </category>
          </categories>
        </payload>
      </value>
    </record>
    <record>
      <key>
        FileSystem##FileSystem.cpp#1
      </key>
      <value>
        <metadata>
          <name>
            FileSystem.cpp
          </name>
          <description>
            Utilities for FileIO
          </description>
          <datetime>
            Mon Apr 30 21:23:09 2018
          </datetime>
        </metadata>
        <payload>
          <author>
            rgnair
          </author>
          <state>
            Open
          </state>
          <namespace>
            FileSystem
          </namespace>
          <package>
            FileSystem
          </package>
          <version>
            1
          </version>
          <categories>
            <category>
              fileio
            </category>
          </categories>
        </payload>
      </value>
    </record>
    <record>
      <key>
        FileSystem##Logger.cpp#1
      </key>
      <value>
        <metadata>
          <name>
            Logger.cpp
          </name>
          <description>
            Utilities for FileIO
          </description>
          <datetime>
            Mon Apr 30 21:23:09 2018
          </datetime>
        </metadata>
        <payload>
          <author>
            rgnair
          </author>
          <state>
            Closed
          </state>
          <namespace>
            FileSystem
          </namespace>
          <package>
            FileSystem
          </package>
          <version>
            1
          </version>
          <categories>
            <category>
              fileio
            </category>
          </categories>
        </payload>
      </value>
    </record>
    <record>
      <key>
        FileSystem##RepoCore.cpp#1
      </key>
      <value>
        <metadata>
          <name>
            RepoCore.cpp
          </name>
          <description>
            Utilities for FileIO
          </description>
          <datetime>
            Mon Apr 30 21:23:09 2018
          </datetime>
        </metadata>
        <payload>
          <author>
            rgnair
          </author>
          <state>
            Open
          </state>
          <namespace>
            FileSystem
          </namespace>
          <package>
            FileSystem
          </package>
          <version>
            1
          </version>
          <categories>
            <category>
              fileio
            </category>
          </categories>
        </payload>
      </value>
    </record>
    <record>
      <key>
        FileSystem##Logger.h#2
      </key>
      <value>
        <metadata>
          <name>
            Logger.h
          </name>
          <description>
            Utilities for FileIO
          </description>
          <datetime>
            Mon Apr 30 21:26:58 2018
          </datetime>
        </metadata>
        <payload>
          <author>
            rgnair
          </author>
          <state>
            Open
          </state>
          <namespace>
            FileSystem
          </namespace>
          <package>
            FileSystem
          </package>
          <version>
            2
          </version>
          <categories>
            <category>
              fileio
            </category>
          </categories>
        </payload>
      </value>
    </record>
    <record>
      <key>
        FileSystem##Logger.cpp#2
      </key>
      <value>
        <metadata>
          <name>
            Logger.cpp
          </name>
          <description>
            Utilities for FileIO
          </description>
          <datetime>
            Mon Apr 30 21:26:59 2018
          </datetime>
        </metadata>
        <payload>
          <author>
            rgnair
          </author>
          <state>
            Open
          </state>
          <namespace>
            FileSystem
          </namespace>
          <package>
            FileSystem
          </package>
          <version>
            2
          </version>
          <categories>
            <category>
              fileio
            </category>
          </categories>
        </payload>
      </value>
    </record>
  </shard>
