
  <shard name="VersionMgr">
    <record>
      <key>
        FileSystem##FileSystem.h
      </key>
      <value>
        <metadata>
          <name>
          </name>
          <description>
          </description>
          <datetime>
            Mon Apr 30 21:23:09 2018
          </datetime>
        </metadata>
        <payload>
          <author>
            rgnair
          </author>
          <currentVersion>
            1
          </currentVersion>
        </payload>
      </value>
    </record>
    <record>
      <key>
        FileSystem##Logger.h
      </key>
      <value>
        <metadata>
          <name>
          </name>
          <description>
          </description>
          <datetime>
            Mon Apr 30 21:23:09 2018
          </datetime>
        </metadata>
        <payload>
          <author>
            rgnair
          </author>
          <currentVersion>
            2
          </currentVersion>
        </payload>
      </value>
    </record>
    <record>
      <key>
        FileSystem##RepoCore.h
      </key>
      <value>
        <metadata>
          <name>
          </name>
          <description>
          </description>
          <datetime>
            Mon Apr 30 21:23:09 2018
          </datetime>
        </metadata>
        <payload>
          <author>
            rgnair
          </author>
          <currentVersion>
            1
          </currentVersion>
        </payload>
      </value>
    </record>
    <record>
      <key>
        FileSystem##FileSystem.cpp
      </key>
      <value>
        <metadata>
          <name>
          </name>
          <description>
          </description>
          <datetime>
            Mon Apr 30 21:23:09 2018
          </datetime>
        </metadata>
        <payload>
          <author>
            rgnair
          </author>
          <currentVersion>
            1
          </currentVersion>
        </payload>
      </value>
    </record>
    <record>
      <key>
        FileSystem##Logger.cpp
      </key>
      <value>
        <metadata>
          <name>
          </name>
          <description>
          </description>
          <datetime>
            Mon Apr 30 21:23:09 2018
          </datetime>
        </metadata>
        <payload>
          <author>
            rgnair
          </author>
          <currentVersion>
            2
          </currentVersion>
        </payload>
      </value>
    </record>
    <record>
      <key>
        FileSystem##RepoCore.cpp
      </key>
      <value>
        <metadata>
          <name>
          </name>
          <description>
          </description>
          <datetime>
            Mon Apr 30 21:23:09 2018
          </datetime>
        </metadata>
        <payload>
          <author>
            rgnair
          </author>
          <currentVersion>
            1
          </currentVersion>
        </payload>
      </value>
    </record>
  </shard>
