
  <shard name="Project#1 Spring 2018">
    <record>
      <key>
        DbPayloads
      </key>
      <value>
        <metadata>
          <name>
            DbPayloads
          </name>
          <description>
            Payload type for Project#2 repository
          </description>
          <datetime>
            Thu Apr 19 22:13:37 2018
          </datetime>
        </metadata>
        <payload>
          <filepath>
            Storage/DbPayloads.h
          </filepath>
          <categories>
          </categories>
        </payload>
      </value>
    </record>
    <record>
      <key>
        DateTime
      </key>
      <value>
        <metadata>
          <name>
            DateTime
          </name>
          <description>
            The DateTime class represents clock time
          </description>
          <datetime>
            Thu Apr 19 22:13:37 2018
          </datetime>
        </metadata>
        <payload>
          <filepath>
            Storage/DateTime.h
          </filepath>
          <categories>
            <category>
              utility
            </category>
          </categories>
        </payload>
      </value>
    </record>
    <record>
      <key>
        Persistence
      </key>
      <value>
        <metadata>
          <name>
            Persistence
          </name>
          <description>
            Implements the persistence layer
          </description>
          <datetime>
            Thu Apr 19 22:13:37 2018
          </datetime>
          <relationships>
            <childkey>
              DateTime
            </childkey>
            <childkey>
              DbCore
            </childkey>
          </relationships>
        </metadata>
        <payload>
          <filepath>
            Storage/Persistence.h
          </filepath>
          <categories>
          </categories>
        </payload>
      </value>
    </record>
    <record>
      <key>
        DbCore
      </key>
      <value>
        <metadata>
          <name>
            DbCore
          </name>
          <description>
            Implements NoSql database prototype
          </description>
          <datetime>
            Thu Apr 19 22:13:37 2018
          </datetime>
          <relationships>
            <childkey>
              DateTime
            </childkey>
          </relationships>
        </metadata>
        <payload>
          <filepath>
            Storage/DbCore.h
          </filepath>
          <categories>
            <category>
              helper
            </category>
          </categories>
        </payload>
      </value>
    </record>
    <record>
      <key>
        StringUtilities
      </key>
      <value>
        <metadata>
          <name>
            StringUtilities
          </name>
          <description>
            Small, generally useful, helper classes
          </description>
          <datetime>
            Thu Apr 19 22:13:37 2018
          </datetime>
        </metadata>
        <payload>
          <filepath>
            Storage/StringUtilities.h
          </filepath>
          <categories>
            <category>
              utility
            </category>
          </categories>
        </payload>
      </value>
    </record>
    <record>
      <key>
        Query
      </key>
      <value>
        <metadata>
          <name>
            Query
          </name>
          <description>
            Implements the Query module
          </description>
          <datetime>
            Thu Apr 19 22:13:37 2018
          </datetime>
          <relationships>
            <childkey>
              DateTime
            </childkey>
            <childkey>
              DbCore
            </childkey>
          </relationships>
        </metadata>
        <payload>
          <filepath>
            Storage/Query.h
          </filepath>
          <categories>
          </categories>
        </payload>
      </value>
    </record>
    <record>
      <key>
        DbTestHelper
      </key>
      <value>
        <metadata>
          <name>
            DbTestHelper
          </name>
          <description>
            Helper utilities for testing framework
          </description>
          <datetime>
            Thu Apr 19 22:13:37 2018
          </datetime>
          <relationships>
            <childkey>
              DateTime
            </childkey>
            <childkey>
              DbCore
            </childkey>
          </relationships>
        </metadata>
        <payload>
          <filepath>
            Storage/DbTestHelper.h
          </filepath>
          <categories>
            <category>
              helper
            </category>
          </categories>
        </payload>
      </value>
    </record>
    <record>
      <key>
        XmlDocument
      </key>
      <value>
        <metadata>
          <name>
            XmlDocument
          </name>
          <description>
            A container of XmlElement nodes
          </description>
          <datetime>
            Thu Apr 19 22:13:37 2018
          </datetime>
        </metadata>
        <payload>
          <filepath>
            Storage/XmlDocument.h
          </filepath>
          <categories>
            <category>
              utility
            </category>
          </categories>
        </payload>
      </value>
    </record>
    <record>
      <key>
        Executive
      </key>
      <value>
        <metadata>
          <name>
            Executive
          </name>
          <description>
            Provides an executive interface
          </description>
          <datetime>
            Thu Apr 19 22:13:37 2018
          </datetime>
        </metadata>
        <payload>
          <filepath>
            Storage/Executive.h
          </filepath>
          <categories>
          </categories>
        </payload>
      </value>
    </record>
    <record>
      <key>
        ConsoleColor
      </key>
      <value>
        <metadata>
          <name>
            ConsoleColor
          </name>
          <description>
            Change console output color
          </description>
          <datetime>
            Thu Apr 19 22:13:37 2018
          </datetime>
        </metadata>
        <payload>
          <filepath>
            Storage/ConsoleColor.h
          </filepath>
          <categories>
            <category>
              utility
            </category>
            <category>
              console
            </category>
          </categories>
        </payload>
      </value>
    </record>
    <record>
      <key>
        Test
      </key>
      <value>
        <metadata>
          <name>
            Test
          </name>
          <description>
            Test Executive framework for NoSqlDb
          </description>
          <datetime>
            Thu Apr 19 22:13:37 2018
          </datetime>
          <relationships>
            <childkey>
              Executive
            </childkey>
            <childkey>
              StringUtilities
            </childkey>
            <childkey>
              DateTime
            </childkey>
            <childkey>
              XmlDocument
            </childkey>
            <childkey>
              DbCore
            </childkey>
            <childkey>
              Query
            </childkey>
            <childkey>
              Persistence
            </childkey>
            <childkey>
              DbPayloads
            </childkey>
            <childkey>
              ConsoleColor
            </childkey>
          </relationships>
        </metadata>
        <payload>
          <filepath>
            Storage/Test.h
          </filepath>
          <categories>
          </categories>
        </payload>
      </value>
    </record>
  </shard>
