
  <shard name="The Titans">
    <record>
      <key>
        kronos
      </key>
      <value>
        <metadata>
          <name>
            Kronos
          </name>
          <description>
            Youngest Titan
          </description>
          <datetime>
            Tue Apr 17 22:13:35 2018
          </datetime>
          <relationships>
            <childkey>
              zeus
            </childkey>
          </relationships>
        </metadata>
        <payload>
          Lives at Mount Othrys
        </payload>
      </value>
    </record>
    <record>
      <key>
        zeus
      </key>
      <value>
        <metadata>
          <name>
            Zeus
          </name>
          <description>
            King of Gods
          </description>
          <datetime>
            Wed Apr 18 10:13:35 2018
          </datetime>
          <relationships>
            <childkey>
              artemis
            </childkey>
            <childkey>
              apollo
            </childkey>
          </relationships>
        </metadata>
        <payload>
          Lives at Mount Olympus
        </payload>
      </value>
    </record>
    <record>
      <key>
        apollo
      </key>
      <value>
        <metadata>
          <name>
            Apollo
          </name>
          <description>
            God of Sun
          </description>
          <datetime>
            Thu Apr 19 22:03:35 2018
          </datetime>
        </metadata>
        <payload>
          Also lives at Mount Olympus
        </payload>
      </value>
    </record>
    <record>
      <key>
        artemis
      </key>
      <value>
        <metadata>
          <name>
            Artemis
          </name>
          <description>
            Goddess of the Hunt
          </description>
          <datetime>
            Thu Apr 19 22:03:35 2018
          </datetime>
        </metadata>
        <payload>
          Also lives at Mount Olympus
        </payload>
      </value>
    </record>
  </shard>
